Name,Longitude,Latitude
Cultural Landscape and Archaeological Remains of the Bamiyan Valley,67.82525,34.84694
Minaret and Archaeological Remains of Jam,64.51605556,34.39655556
Historic Centres of Berat and Gjirokastra ,20.13333333,40.06944444
Butrint,20.02611111,39.75111111
Al Qala of Beni Hammad,4.78684,35.81844
MZab Valley,3.68333,32.48333
Djmila,5.73667,36.32056
Timgad,6.63333,35.45
Kasbah of Algiers,3.06028,36.78333
Madriu-Perafita-Claror Valley,1.595555556,42.49472222
Los Glaciares National Park,-73.24944,-50
Iguazu National Park,-54.13333333,-25.51805556
"Cueva de las Manos, Ro Pinturas",-70.66666667,-47.15
Ischigualasto Talampaya Natural Parks,-68,-30
Jesuit Block and Estancias of Crdoba,-64.19111,-31.42056
Quebrada de Humahuaca,-65.34886111,-23.19986111
Monasteries of Haghpat and Sanahin,44.71028,41.095
Monastery of Geghard and the Upper Azat Valley,44.79667,40.15889
Cathedral and Churches of Echmiatsin and the Archaeological Site of Zvartnots,44.29514,40.15931
Kakadu National Park,132.8333333,-12.83333333
Sydney Opera House,151.2152778,-33.85666667
Willandra Lakes Region,143,-34
Lord Howe Island Group,159.0883333,-31.56555556
Gondwana Rainforests of Australia,150.05,-28.25
UluUrUu-Kata TjuUtUa National Park,131,-25.33333333
"Shark Bay, Western Australia",113.4361111,-25.48611111
Fraser Island,153.1333333,-25.21666667
Australian Fossil Mammal Sites (Riversleigh Naracoorte),138.7166667,-19.08333333
Greater Blue Mountains Area,150,-33.7
Purnululu National Park,128.5,-17.5
Royal Exhibition Building and Carlton Gardens,144.9702778,-37.80611111
Australian Convict Sites,150.9944444,-33.37833333
Ningaloo Coast,113.8102778,-22.5625
Historic Centre of the City of Salzburg,13.04333333,47.80055556
Semmering Railway,15.82797222,47.64877778
Palace and Gardens of Schnbrunn,16.31333333,48.18666667
Hallstatt-Dachstein Salzkammergut Cultural Landscape,13.64638889,47.55944444
City of Graz Historic Centre and Schloss Eggenberg,15.39166667,47.07416667
Wachau Cultural Landscape,15.43416667,48.36444444
Historic Centre of Vienna,16.38333333,48.21666667
Walled City of Baku with the Shirvanshahs Palace and Maiden Tower,49.83333333,40.36666667
Gobustan Rock Art Cultural Landscape,49.375,40.125
Qalat al-Bahrain Ancient Harbour and Capital of Dilmun,50.52722222,26.23306
"Pearling, Testimony of an Island Economy",50.61351,26.24128
Historic Mosque City of Bagerhat,89.8,22.66667
Ruins of the Buddhist Vihara at Paharpur,88.98333333,25.03333333
Historic Bridgetown and its Garrison,-59.61388889,13.09666667
Mir Castle Complex,26.47272222,53.45108333
"Architectural, Residential and Cultural Complex of the Radziwill Family at Nesvizh",26.69139,53.22278
Flemish Bguinages,4.47375,51.03097222
"The Four Lifts on the Canal du Centre and their Environs, La Louvire and Le Roeulx (Hainaut)",4.13722,50.48111
"La Grand-Place, Brussels",4.35242,50.84668
Historic Centre of Brugge,3.22527,51.20891
Major Town Houses of the Architect Victor Horta (Brussels),4.36223,50.82806
Neolithic Flint Mines at Spiennes (Mons),3.97879,50.43077
Notre-Dame Cathedral in Tournai,3.38926,50.60603
Plantin-Moretus House-Workshops-Museum Complex,4.39778,51.21833
Stoclet House,4.416111111,50.835
Major Mining Sites of Wallonia,3.838333333,50.43527778
Belize Barrier Reef Reserve System,-87.05833333,16.75
Royal Palaces of Abomey,1.983333333,7.183333333
City of Potos,-65.75306,-19.58361
Jesuit Missions of the Chiquitos,-60.5,-16
Historic City of Sucre,-65.25917,-19.04306
Tiwanaku Spiritual and Political Centre of the Tiwanaku Culture,-68.67778,-16.55833333
Fuerte de Samaipata,-63.81666667,-18.16666667
Noel Kempff Mercado National Park,-60.86667,-14.26667
Old Bridge Area of the Old City of Mostar,17.81092,43.34812
Mehmed Paa Sokolovi Bridge in Viegrad,19.288025,43.78144444
Tsodilo,21.73333333,-18.75
Okavango Delta,22.9,-19.28333333
Historic Town of Ouro Preto,-43.50555556,-20.38888889
Historic Centre of the Town of Olinda,-34.845,-8.013333333
Historic Centre of Salvador de Bahia,-38.5,-12.96666667
Sanctuary of Bom Jesus do Congonhas,-43.85777778,-20.49972222
Iguau National Park,-54.43333,-25.68333
Brasilia,-47.9,-15.78333
Serra da Capivara National Park,-42.33333333,-8.416666667
Historic Centre of So Lus,-44.3025,-2.514166667
Historic Centre of the Town of Diamantina,-43.6,-18.23333333
Discovery Coast Atlantic Forest Reserves,-39.25,-16.5
Atlantic Forest South-East Reserves,-48,-24.16667
Historic Centre of the Town of Gois,-50.13336,-15.93328
Central Amazon Conservation Complex,-62.00833333,-2.333333333
Pantanal Conservation Area,-57.38333,-17.71667
Brazilian Atlantic Islands Fernando de Noronha and Atol das Rocas Reserves,-32.42511111,-3.857944444
Cerrado Protected Areas Chapada dos Veadeiros and Emas National Parks,-47.68461111,-14.00569444
Rio de Janeiro Carioca Landscapes between the Mountain and the Sea,-43.29138889,-22.94777778
So Francisco Square in the Town of So Cristvo,-37.21,-11.01611111
Boyana Church,23.26666667,42.65
Madara Rider,27.15,43.3
Thracian Tomb of Kazanlak,25.4,42.61666667
Rock-Hewn Churches of Ivanovo,25.96666667,43.71666667
Rila Monastery,23.4,42.11666667
Ancient City of Nessebar,27.73,42.65611
Srebarna Nature Reserve,27.07806,44.11444
Pirin National Park,23.43047222,41.74272222
Thracian Tomb of Sveshtari,26.66667,43.66667
Ruins of Loropni,-3.583333333,10.25
"Cidade Velha, Historic Centre of Ribeira Grande",-23.60519444,14.91513889
Angkor,103.8333333,13.43333333
Temple of Preah Vihear,104.6838889,14.38833333
Dja Faunal Reserve,13,3
LAnse aux Meadows National Historic Site,-55.61666667,51.46666667
Nahanni National Park,-125.5894444,61.54722222
Dinosaur Provincial Park,-111.4922222,50.76777778
SUGUang Gwaay,-131.2202778,52.095
Head-Smashed-In Buffalo Jump,-113.6238889,49.74944444
Wood Buffalo National Park,-112.2933333,59.35833333
Historic District of Old Qubec,-71.21055556,46.80944444
Gros Morne National Park,-57.53138889,49.6125
Miguasha National Park,-66.35305556,48.105
Old Town Lunenburg,-64.30916667,44.37611111
Rideau Canal,-75.765125,44.99438611
Joggins Fossil Cliffs,-64.43583333,45.70972222
Landscape of Grand Pr,-64.30722222,45.11833333
Red Bay Basque Whaling Station,-56.42952222,51.726925
Manovo-Gounda St Floris National Park,21.5,9
Lakes of Ounianga,20.50555556,19.055
Rapa Nui National Park,-109.45,-27.15
Historic Quarter of the Seaport City of Valparaso,-71.628,-33.04063889
Churches of Chilo,-73.76666667,-42.5
Humberstone and Santa Laura Saltpeter Works,-69.79406,-20.20582
Sewell Mining Town,-70.38277778,-34.08444444
Mount Taishan,117.1,36.26667
The Great Wall,116.08333,40.41667
Imperial Palaces of the Ming and Qing Dynasties in Beijing and Shenyang,123.4469444,41.79416667
Mogao Caves,94.81667,40.13333
Mausoleum of the First Qin Emperor,109.1,34.38333333
Peking Man Site at Zhoukoudian,115.9166667,39.73333333
Mount Huangshan,118.18333,30.16667
Jiuzhaigou Valley Scenic and Historic Interest Area,103.91667,33.08333
Huanglong Scenic and Historic Interest Area,103.82222,32.75417
Wulingyuan Scenic and Historic Interest Area,110.5,29.33333
"Mountain Resort and its Outlying Temples, Chengde",117.93833,40.98694
Temple and Cemetery of Confucius and the Kong Family Mansion in Qufu,116.975,35.61167
Ancient Building Complex in the Wudang Mountains,111,32.46667
"Historic Ensemble of the Potala Palace, Lhasa",91.11717,29.65792
Lushan National Park,115.8666667,29.43333333
"Mount Emei Scenic Area, including Leshan Giant Buddha Scenic Area",103.76925,29.5449
Old Town of Lijiang,100.23333,26.86667
Ancient City of Ping Yao,112.15444,37.20139
Classical Gardens of Suzhou,120.45,31.31666667
"Summer Palace, an Imperial Garden in Beijing",116.1411111,39.91055556
Temple of Heaven an Imperial Sacrificial Altar in Beijing,116.4447222,39.84555556
Mount Wuyi,117.68333,27.71667
Dazu Rock Carvings,105.705,29.70111
Mount Qingcheng and the Dujiangyan Irrigation System,103.60528,31.00167
Ancient Villages in Southern Anhui Xidi and Hongcun,117.9875,29.90444444
Longmen Grottoes,112.4666667,34.46666667
Imperial Tombs of the Ming and Qing Dynasties,124.7938889,41.70722222
Yungang Grottoes,113.12222,40.10972
Three Parallel Rivers of Yunnan Protected Areas,98.40638889,27.895
Historic Centre of Macao,113.5364611,22.19129194
Cultural Landscape of Honghe Hani Rice Terraces ,102.7799806,23.09327778
Kaiping Diaolou and Villages,112.5658611,22.28551944
Fujian emTulouem,117.6858333,25.02305556
Yin Xu,114.3138889,36.12666667
Capital Cities and Tombs of the Ancient Koguryo Kingdom,126.1872222,41.15694444
"Sichuan Giant Panda Sanctuaries - Wolong, Mt Siguniang and Jiajin Mountains ",103,30.83333333
South China Karst,110.3544444,24.92333333
Mount Wutai,113.5633333,39.03055556
Mount Sanqingshan National Park,118.0644444,28.91583333
Historic Monuments of Dengfeng in The Centre of Heaven and Earth,113.0677194,34.45874722
West Lake Cultural Landscape of Hangzhou,120.1408333,30.2375
China Danxia,106.0425,28.42194444
Chengjiang Fossil Site,102.9772222,24.66888889
Site of Xanadu,116.1851278,42.358
Xinjiang Tianshan,80.35416667,41.96833333
The Grand Canal,112.4683333,34.69388889
Tusi Sites,109.9669444,28.99861111
"Port, Fortresses and Group of Monuments, Cartagena",-75.53333333,10.41666667
Los Katos National Park,-77,7.666666667
Historic Centre of Santa Cruz de Mompox,-74.43333333,9.233333333
National Archeological Park of Tierradentro,-76.03333333,2.583333333
San Agustn Archaeological Park,-76.23333333,1.916666667
Coffee Cultural Landscape of Colombia,-75.68166667,5.471666667
Malpelo Fauna and Flora Sanctuary,-81.61666667,3.966666667
Cocos Island National Park,-87.06666667,5.533333333
Precolumbian Chiefdom Settlements with Stone Spheres of the Diqus,-83.4775,8.911388889
Historic Town of Grand-Bassam,3.736388889,5.195833333
Old City of Dubrovnik,18.09139,42.65056
Historical Complex of Split with the Palace of Diocletian,16.44333,43.50944
Plitvice Lakes National Park,15.61444,44.87778
Episcopal Complex of the Euphrasian Basilica in the Historic Centre of Pore,13.59444,45.22917
Historic City of Trogir,16.25167,43.5125
The Cathedral of St James in ibenik,15.89038,43.73629
Stari Grad Plain,16.63861111,43.18166667
Viales Valley,-83.71667,22.61667
"San Pedro de la Roca Castle, Santiago de Cuba",-75.87083333,19.96666667
Desembarco del Granma National Park,-77.63333,19.88333
Urban Historic Centre of Cienfuegos ,-80.45278,22.14722
Historic Centre of Camagey,-77.91861111,21.37861111
Paphos,32.40556,34.75833
Choirokoitia,33.34333,34.79833
Historic Centre of Prague,14.41944,50.08972
Historic Centre of esk Krumlov,14.31666667,48.81666667
Historic Centre of Tel,15.45,49.18333
Pilgrimage Church of St John of Nepomuk at Zelen Hora,15.94205833,49.5802
Kutn Hora Historical Town Centre with the Church of St Barbara and the Cathedral of Our Lady at Sedlec,15.26666667,49.95
Lednice-Valtice Cultural Landscape,16.775,48.77583
Holy Trinity Column in Olomouc,17.25045833,49.59393611
Gardens and Castle at Krom,17.37722222,49.3
Holaovice Historic Village,14.25277778,48.95972222
Litomyl Castle,16.31444,49.87361
Tugendhat Villa in Brno,16.61605556,49.20718333
Jewish Quarter and St Procopius Basilica in Teb,15.87888889,49.21722222
Complex of Koguryo Tombs,125.415,38.86305556
Historic Monuments and Sites in Kaesong,126.5080556,37.98166667
Virunga National Park,29.16666667,0.916666667
Garamba National Park,29.25,4
Kahuzi-Biega National Park,28.75,-2.5
Salonga National Park,21,-2
Okapi Wildlife Reserve,28.5,2
Roskilde Cathedral,12.07972222,55.64222222
Kronborg Castle,12.62083333,56.03889
"Jelling Mounds, Runic Stones and Church",9.42,55.75638889
Ilulissat Icefjord,-49.5,69.13333333
Stevns Klint,12.42333333,55.26722222
"Christiansfeld, a Moravian Church Settlement",9.481388889,55.35555556
The par force hunting landscape in North Zealand,12.35777778,55.91361111
Morne Trois Pitons National Park,-61.28333333,15.26666667
City of Quito,-78.5,-0.003888889
Historic Centre of Santa Ana de los Ros de Cuenca,-78.98333333,-2.883333333
Memphis and its Necropolis the Pyramid Fields from Giza to Dahshur,31.13041,29.97604
Ancient Thebes with its Necropolis,32.6,25.73333
Nubian Monuments from Abu Simbel to Philae,31.62611,22.33639
Historic Cairo,31.26111,30.05
Abu Mena,29.66666667,30.85
Saint Catherine Area,33.97543,28.55623
Joya de Cern Archaeological Site,-89.36916667,13.8275
Historic Centre (Old Town) of Tallinn,24.73333333,59.43333
Simien National Park,38.06666667,13.18333333
Lower Valley of the Awash,40.57939,11.10006
Tiya,38.6121,8.43491
Aksum,38.71861,14.13019
Lower Valley of the Omo,35.96666667,4.8
"Rock-Hewn Churches, Lalibela",39.04042,12.02935
"Fasil Ghebbi, Gondar Region",37.46617,12.60692
"Harar Jugol, the Fortified Historic Town",42.13777778,9.308888889
Konso Cultural Landscape,37.4,5.3
Levuka Historical Port Town,178.8345333,-17.68337778
Bronze Age Burial Site of Sammallahdenmki,21.7775,61.12056
Old Rauma,21.51167,61.12806
Mont-Saint-Michel and its Bay,-1.51056,48.63556
Chartres Cathedral,1.487222222,48.4475
Palace and Park of Versailles,2.119444444,48.805
"Vzelay, Church and Hill",3.748333333,47.46638889
Prehistoric Sites and Decorated Caves of the Vzre Valley,1.17,45.0575
Palace and Park of Fontainebleau,2.698055556,48.40194444
Amiens Cathedral,2.301666667,49.895
"Roman Theatre and its Surroundings and the ""Triumphal Arch"" of Orange",4.808416667,44.13572222
"Arles, Roman and Romanesque Monuments",4.630694444,43.67763889
Cistercian Abbey of Fontenay,4.38911,47.63944
"From the Great Saltworks of Salins-les-Bains to the Royal Saltworks of Arc-et-Senans, the Production of Open-pan Salt ",5.876388889,46.9375
"Historic Centre of Avignon Papal Palace, Episcopal Ensemble and Avignon Bridge",4.806111111,43.95277778
"Place Stanislas, Place de la Carrire and Place dAlliance in Nancy",6.183333333,48.69361111
Abbey Church of Saint-Savin sur Gartempe,0.86611,46.56472
"Gulf of Porto Calanche of Piana, Gulf of Girolata, Scandola Reserve",8.628833333,42.32519444
Pont du Gard (Roman Aqueduct),4.535277778,43.94722222
Historic Fortified City of Carcassonne,2.358888889,43.21055556
Strasbourg Grande le,7.73,48.58138889
"Paris, Banks of the Seine",2.294166667,48.85833333
"Cathedral of Notre-Dame, Former Abbey of Saint-Rmi and Palace of Tau, Reims",4.032777778,49.25333333
Bourges Cathedral,2.398333333,47.08222222
Canal du Midi,1.416388889,43.61138889
Routes of Santiago de Compostela in France,0.722944444,45.18405556
Historic Site of Lyons,4.83333,45.76722
"Provins, Town of Medieval Fairs",3.298888889,48.55972222
Jurisdiction of Saint-Emilion,-0.155277778,44.89472222
The Loire Valley between Sully-sur-Loire and Chalonnes,0.70278,47.39889
Lagoons of New Caledonia Reef Diversity and Associated Ecosystems,164.5663889,-20.41194444
"The Causses and the Cvennes, Mediterranean agro-pastoral Cultural Landscape",3.473055556,44.22027778
"Le Havre, the City Rebuilt by Auguste Perret",0.1075,49.49278
"Bordeaux, Port of the Moon",-0.572222222,44.83888889
Fortifications of Vauban,2.758888889,50.2825
"Pitons, cirques and remparts of Reunion Island",55.48,-21.09944444
Episcopal City of Albi,2.1425,43.92833333
Nord-Pas de Calais Mining Basin,3.546111111,50.4625
"Climats, terroirs of Burgundy",4.864444444,47.05805556
"Decorated Cave of Pont dArc, known as Grotte Chauvet-Pont dArc, Ardche",4.416111111,44.3875
"Champagne Hillsides, Houses and Cellars",3.946111111,49.0775
Ecosystem and Relict Cultural Landscape of Lop-Okanda,11.5,-0.5
Kunta Kinteh Island and Related Sites,-16.35719444,13.31616667
Historical Monuments of Mtskheta,44.71639,41.84389
Upper Svaneti,43.01139,42.91639
Bagrati Cathedral and Gelati Monastery,42.71639,42.26222
Aachen Cathedral ,6.084444444,50.77444444
Speyer Cathedral,8.443055556,49.31666667
Wrzburg Residence with the Court Gardens and Residence Square,9.93889,49.79278
St Marys Cathedral and St Michaels Church at Hildesheim,9.94389,52.15278
Pilgrimage Church of Wies,10.90013889,47.68127778
Hanseatic City of Lbeck,10.69167,53.86667
Castles of Augustusburg and Falkenlust at Brhl,6.909777778,50.82502778
Cologne Cathedral,6.957222222,50.94111111
"Roman Monuments, Cathedral of St Peter and Church of Our Lady in Trier",6.633333333,49.75
Abbey and Altenmnster of Lorsch,8.56858,49.65369
Palaces and Parks of Potsdam and Berlin,13.03333333,52.4
Garden Kingdom of Dessau-Wrlitz,12.42083,51.8425
"Collegiate Church, Castle and Old Town of Quedlinburg",11.15,51.78333
Maulbronn Monastery Complex,8.81306,49.00083
"Mines of Rammelsberg, Historic Town of Goslar and Upper Harz Water Management System",10.34,51.82
Town of Bamberg,10.88888889,49.89166667
Vlklingen Ironworks,6.85,49.24444
Messel Pit Fossil Site,8.75389,49.91667
Bauhaus and its Sites in Weimar and Dessau,11.32949,50.97477
Luther Memorials in Eisleben and Wittenberg,12.65278,51.86472
Classical Weimar,11.32861,50.9775
"Museumsinsel (Museum Island), Berlin",13.39861111,52.51972222
Wartburg Castle,10.307,50.96677778
Monastic Island of Reichenau,9.061305556,47.69872222
Zollverein Coal Mine Industrial Complex in Essen,7.046111111,51.49138889
Upper Middle Rhine Valley,7.694166667,50.17361111
Historic Centres of Stralsund and Wismar,13.08527778,54.3025
Town Hall and Roland on the Marketplace of Bremen,8.807472222,53.07597222
Old town of Regensburg with Stadtamhof,12.09916667,49.02055556
Berlin Modernism Housing Estates,13.45,52.44833333
Fagus Factory in Alfeld,9.811111111,51.98361111
Margravial Opera House Bayreuth,11.57861111,49.94444444
Bergpark Wilhelmshhe,9.393055556,51.31583333
Carolingian Westwork and Civitas Corvey,9.41025,51.77827778
Speicherstadt and Kontorhaus District with Chilehaus,9.999444444,53.54555556
Asante Traditional Buildings,-1.625833333,6.401111111
Temple of Apollo Epicurius at Bassae,21.89694,37.43498
Archaeological Site of Delphi,22.49617,38.48149
"Acropolis, Athens",23.72618,37.97087
Mount Athos,24.21667,40.26667
Meteora,21.63333,39.71667
Paleochristian and Byzantine Monuments of Thessalonika,22.965,40.63833
Sanctuary of Asklepios at Epidaurus,23.11666667,37.66666667
Medieval City of Rhodes,28.22778,36.44722
Archaeological Site of Mystras,22.36667,37.08056
Archaeological Site of Olympia,21.66666667,37.65
Delos,25.26667,37.4
"Monasteries of Daphni, Hosios Loukas and Nea Moni of Chios",22.75,38.4
Pythagoreion and Heraion of Samos,26.94333,37.69083
Archaeological Site of Aigai (modern name Vergina),22.31833,40.47139
Archaeological Sites of Mycenae and Tiryns,22.75,37.73333333
The Historic Centre (Chor) with the Monastery of Saint-John the Theologian and the Cave of the Apocalypse on the Island of Ptmos,26.55,37.3
Old Town of Corfu,19.9275,39.62394139
Tikal National Park,-89.61666667,17.21666667
Antigua Guatemala,-90.66666667,14.56666667
Archaeological Park and Ruins of Quirigua,-89.04025,15.27059
"National History Park Citadel, Sans Souci, Ramiers",-72.24417,19.57361
Vatican City,12.45736,41.90216
Maya Site of Copan,-89.13333,14.85
Ro Pltano Biosphere Reserve,-84.675,15.74444444
"Budapest, including the Banks of the Danube, the Buda Castle Quarter and Andrssy Avenue",19.07067,47.48242
Old Village of Hollk and its Surroundings,19.52917,47.99444
Hortobgy National Park - the iPusztai,21.15678,47.59458
Millenary Benedictine Abbey of Pannonhalma and its Natural Environment,17.78444,47.55889
Early Christian Necropolis of Pcs (Sopianae),18.22778,46.07444
Tokaj Wine Region Historic Cultural Landscape,21.35,48.15
ingvellir National Park,-21.03725,64.25380556
Surtsey,-20.60222222,63.30305556
Red Fort Complex,77.24083333,28.65555556
"Humayuns Tomb, Delhi",77.25056,28.59333
"Qutb Minar and its Monuments, Delhi",77.18528,28.52583
Churches and Convents of Goa,73.91167,15.50222
Group of Monuments at Pattadakal,75.81667,15.94833
Khajuraho Group of Monuments,79.92222,24.85222
Group of Monuments at Hampi,76.47167,15.31444
Ajanta Caves,75.7,20.55333
Ellora Caves,75.17917,20.02639
Elephanta Caves,72.93583,18.96667
"Sun Temple, Konrak",86.09472,19.8875
Hill Forts of Rajasthan,74.64611111,24.88333333
Group of Monuments at Mahabalipuram,80.19167,12.61667
Great Living Chola Temples,79.1325,10.78305556
Agra Fort,78.03333333,27.18333333
Taj Mahal,78.04222,27.17417
Fatehpur Sikri,77.66417,27.09444
Nanda Devi and Valley of Flowers National Parks ,79.66667,30.71667
Kaziranga National Park,93.41666667,26.66666667
Manas Wildlife Sanctuary,91.03055556,26.725
Keoladeo National Park,77.50861111,27.15888889
Buddhist Monuments at Sanchi,77.73972,23.47944
"Rani-ki-Vav (the Queens Stepwell) at Patan, Gujarat",72.10166667,23.85888889
Rock Shelters of Bhimbetka,77.58333333,22.92777778
Mountain Railways of India,76.93583,11.51028
Chhatrapati Shivaji Terminus (formerly Victoria Terminus),72.83620278,18.94012222
Mahabodhi Temple Complex at Bodh Gaya,84.99389,24.69528
Champaner-Pavagadh Archaeological Park,73.53333333,22.48333333
"The Jantar Mantar, Jaipur",75.825,26.92472222
Western Ghats,77.24972222,8.529722222
Great Himalayan National Park Conservation Area,77.58333333,31.83333333
Borobudur Temple Compounds,110.20361,-7.60778
Sangiran Early Man Site,110.8166667,-7.4
Ujung Kulon National Park,105.3333333,-6.75
Prambanan Temple Compounds,110.49167,-7.75222
Cultural Landscape of Bali Province the emSubakem System as a Manifestation of the emTri Hita Karanaem Philosophy,115.4027778,-8.259166667
Tchogha Zanbil,48.53333333,32.0833
Persepolis,52.89028,29.93444
"Meidan Emam, Esfahan",51.67777778,32.65745
Takht-e Soleyman,47.235,36.60388889
Pasargadae,53.16729,30.19383
Soltaniyeh,48.79667,36.43528
Bam and its Cultural Landscape,58.36666667,29.11683
Bisotun,47.43666667,34.38833333
Armenian Monastic Ensembles of Iran,45.47333333,38.97888889
Shushtar Historical Hydraulic System,48.83583333,32.01861111
Sheikh Safi al-din Khnegh and Shrine Ensemble in Ardabil,48.29138889,38.24861111
Tabriz Historic Bazaar Complex,46.29305556,38.08138889
The Persian Garden,53.16666667,30.16666667
Masjed-e Jm of Isfahan ,51.68527778,32.66972222
Gonbad-e Qbus,55.169,37.25802778
Golestan Palace,51.42051111,35.68036667
Cultural Landscape of Maymand,55.37555556,30.16805556
Susa,48.25611111,32.18944444
Shahr-i Sokhta,61.32777778,30.59388889
Samarra Archaeological City,43.82354306,34.34098944
Hatra,42.71833,35.58806
Ashur (Qalat Sherqat),43.25972,35.45889
Erbil Citadel,44.00916667,36.19111111
Br na Binne - Archaeological Ensemble of the Bend of the Boyne,-6.45,53.69167
Masada,35.35275,31.3135
Old City of Acre,35.08388889,32.92833333
White City of Tel-Aviv -- the Modern Movement,34.78333333,32.06666667
Incense Route - Desert Cities in the Negev,35.16083,30.54111
"Biblical Tels - Megiddo, Hazor, Beer Sheba",35.18222,32.59722
Bahi Holy Places in Haifa and the Western Galilee,34.97164889,32.82939667
Caves of Maresha and Bet-Guvrin in the Judean Lowlands as a Microcosm of the Land of the Caves,34.89555556,31.6
Sites of Human Evolution at Mount Carmel The Nahal Mearot Wadi el-Mughara Caves,34.96527778,32.67
Necropolis of Bet Shearim A Landmark of Jewish Renewal,35.12694444,32.70222222
Church and Dominican Convent of Santa Maria delle Grazie with The Last Supper by Leonardo da Vinci,9.1705,45.46588889
Rock Drawings in Valcamonica,10.29733333,45.95705556
Historic Centre of Florence,11.25611,43.77306
Medici Villas and Gardens in Tuscany,11.30416667,43.85777778
Venice and its Lagoon,12.33894444,45.43430556
"Piazza del Duomo, Pisa",10.39638889,43.72305556
Castel del Monte,16.27094444,41.08480556
"18th-Century Royal Palace at Caserta with the Park, the Aqueduct of Vanvitelli, and the San Leucio Complex",14.32639,41.07333
Historic Centre of San Gimignano,11.04167,43.46806
The Sassi and the Park of the Rupestrian Churches of Matera,16.61027778,40.66638889
City of Vicenza and the Palladian Villas of the Veneto,11.54944444,45.54916667
Historic Centre of Siena,11.33166667,43.31861111
Historic Centre of Naples,14.26277778,40.85138889
Crespi dAdda,9.53833,45.59333
"Ferrara, City of the Renaissance, and its Po Delta",11.61944444,44.83777778
The ITrulliI of Alberobello,17.23694,40.7825
Early Christian Monuments of Ravenna,12.19625,44.42041667
Historic Centre of the City of Pienza,11.67861111,43.07694444
City of Verona,10.99388889,45.43861111
Residences of the Royal House of Savoy,7.68572,45.07253
"Botanical Garden (Orto Botanico), Padua",11.88066667,45.39911111
Archaeological Area and the Patriarchal Basilica of Aquileia,13.3675,45.76833333
"Portovenere, Cinque Terre, and the Islands (Palmaria, Tino and Tinetto)",9.72917,44.10694
"Cathedral, Torre Civica and Piazza Grande, Modena",10.92568,44.64624
Historic Centre of Urbino,12.63333,43.725
"Archaeological Areas of Pompei, Herculaneum and Torre Annunziata",14.48333333,40.75
Costiera Amalfitana,14.6,40.65
Archaeological Area of Agrigento,13.59333333,37.28972222
Villa Romana del Casale,14.33417,37.36611
Su Nuraxi di Barumini,8.991388889,39.70583333
"Cilento and Vallo di Diano National Park with the Archeological Sites of Paestum and Velia, and the Certosa di Padula",15.26666667,40.28333333
Villa Adriana (Tivoli),12.77197222,41.94416667
Isole Eolie (Aeolian Islands),14.94558333,38.48786111
"Assisi, the Basilica of San Francesco and Other Franciscan Sites",12.62244444,43.06616667
Late Baroque Towns of the Val di Noto (South-Eastern Sicily),15.06891667,36.89319444
"Villa dEste, Tivoli",12.79625,41.96391667
Val dOrcia,11.55,43.06666667
ISacri MontiI of Piedmont and Lombardy,9.169555556,45.97455556
Etruscan Necropolises of Cerveteri and Tarquinia,12.10188889,42.00683333
Syracuse and the Rocky Necropolis of Pantalica,15.29306,37.05944
Genoa iLe Strade Nuovei and the system of thei Palazzi dei Rollii,8.931111111,44.41222222
The Dolomites,12.16305556,46.61305556
Mantua and Sabbioneta,10.79444444,45.15944444
Longobards in Italy. Places of the Power (568-774 A.D.),13.43305556,46.09416667
Vineyard Landscape of Piedmont Langhe-Roero and Monferrato,7.963611111,44.60861111
Mount Etna,14.99666667,37.75611111
Arab-Norman Palermo and the Cathedral Churches of Cefal and Monreale,13.35305556,38.11083333
Blue and John Crow Mountains ,-76.57111111,18.0775
Buddhist Monuments in the Horyu-ji Area,135.7333333,34.61666667
Himeji-jo,134.7,34.83333333
Yakushima,130.5333333,30.33333333
Shirakami-Sanchi,140.13,40.47
"Historic Monuments of Ancient Kyoto (Kyoto, Uji and Otsu Cities)",135.7694444,34.98055556
Historic Villages of Shirakawa-go and Gokayama,136.8833333,36.4
Hiroshima Peace Memorial (Genbaku Dome),132.45,34.38333333
Itsukushima Shinto Shrine,132.3246389,34.29441667
Historic Monuments of Ancient Nara,135.8394444,34.67555556
Shrines and Temples of Nikko,139.6105556,36.7475
Gusuku Sites and Related Properties of the Kingdom of Ryukyu,127.6827778,26.20861111
Sacred Sites and Pilgrimage Routes in the Kii Mountain Range,135.7763889,33.83694444
Shiretoko,144.96583,43.94944
Iwami Ginzan Silver Mine and its Cultural Landscape,132.435,35.11277778
"Hiraizumi Temples, Gardens and Archaeological Sites Representing the Buddhist Pure Land",141.1077778,39.00111111
Ogasawara Islands,142.0997222,27.71833333
"Fujisan, sacred place and source of artistic inspiration",138.7275,35.36083333
Tomioka Silk Mill and Related Sites,138.8877778,36.25527778
"Sites of Japans Meiji Industrial Revolution Iron and Steel, Shipbuilding and Coal Mining",131.4122222,34.43055556
Old City of Jerusalem and its Walls,35.21666667,31.78333333
Petra,35.44333,30.33056
Quseir Amra,36.58583,31.80194
Um er-Rasas (Kastrom Mefaa),35.92056,31.50167
Wadi Rum Protected Area,35.43388889,29.63972222
Baptism Site Bethany Beyond the Jordan (Al-Maghtas),35.55277778,31.83722222
Saryarka Steppe and Lakes of Northern Kazakhstan,69.18888889,50.43333333
Mausoleum of Khoja Ahmed Yasawi,68.27444444,43.29305556
Petroglyphs within the Archaeological Landscape of Tamgaly,75.535,43.80333333
Mount Kenya National ParkNatural Forest,37.31555556,-0.155
Lake Turkana National Parks,36.50366667,3.051305556
Lamu Old Town,40.8525,-2.284444444
Kenya Lake System in the Great Rift Valley,36.24,-0.4425
Sacred Mijikenda Kaya Forests,39.59611111,-3.931944444
"Fort Jesus, Mombasa",39.67944444,-4.062777778
Phoenix Islands Protected Area,-172.8575,-3.649722222
Sulaiman-Too Sacred Mountain,72.78277778,40.53111111
Town of Luang Prabang,102.13333,19.88889
Vat Phou and Associated Ancient Settlements within the Champasak Cultural Landscape,105.8222222,14.84833333
Historic Centre of Riga,24.11667,56.95417
Anjar,35.92972,33.72583
Baalbek,36.20494,34.00707
Byblos,35.6475,34.11917
Tyre,35.19444,33.27194
Archaeological Site of Leptis Magna,14.29306,32.63833
Archaeological Site of Sabratha,12.485,32.80528
Archaeological Site of Cyrene,21.85833,32.825
Rock-Art Sites of Tadrart Acacus,10.33333,24.83333
Old Town of Ghadams,9.5,30.13333333
Vilnius Historic Centre,25.29306,54.68667
Kernav Archaeological Site (Cultural Reserve of Kernav),24.83055556,54.88777778
City of Luxembourg its Old Quarters and Fortifications,6.13333,49.61
Rainforests of the Atsinanana,49.7025,-14.45972222
Lake Malawi National Park,34.88333,-14.03333
Chongoni Rock-Art Area,34.27916667,-14.29333333
Kinabalu Park,116.5,6.25
Gunung Mulu National Park,114.91667,4.13333
"Melaka and George Town, Historic Cities of the Straits of Malacca",100.3458333,5.421388889
Archaeological Heritage of the Lenggong Valley,100.9723278,5.067908333
Old Towns of Djenn,-4.555,13.90639
Timbuktu,-2.999444444,16.77333333
Cliff of Bandiagara (Land of the Dogons),-3.41667,14.33333
Tomb of Askia,-0.04456,16.2898
al Saflieni Hypogeum,14.50739,35.87134
City of Valletta,14.51444,35.90056
Bikini Atoll Nuclear Test Site,165.3805556,11.6
Banc dArguin National Park,-16.10889,20.23472
Le Morne Cultural Landscape,57.32833333,-20.45194444
Sian Kaan,-87.79167,19.38333
Pre-Hispanic City and National Park of Palenque,-92.05,17.48333
Historic Centre of Mexico City and Xochimilco,-99.13278,19.41833
Pre-Hispanic City of Teotihuacan,-98.84167,19.69167
Historic Centre of Oaxaca and Archaeological Site of Monte Albn,-96.72167,17.06194
Historic Centre of Puebla,-98.20833,19.04722
Historic Town of Guanajuato and Adjacent Mines,-101.25556,21.01694
Pre-Hispanic City of Chichen-Itza,-88.6,20.66667
Whale Sanctuary of El Vizcaino,-114.22778,27.79222
"Archaeological Zone of Paquim, Casas Grandes",-107.95556,30.37583
Historic Centre of Morelia,-101.19167,19.70444
"El Tajin, Pre-Hispanic City",-97.3775,20.47639
Historic Centre of Zacatecas,-102.55556,22.76667
Earliest 16th-Century Monasteries on the Slopes of Popocatepetl,-98.89778,18.93472
Rock Paintings of the Sierra de San Francisco,-112.91611,27.65556
Pre-Hispanic Town of Uxmal,-89.77027778,20.36166667
Historic Monuments Zone of Quertaro,-100.3666667,20.58333333
"Hospicio Cabaas, Guadalajara",-103.3397222,20.67388889
Historic Monuments Zone of Tlacotalpan,-95.65833333,18.60833333
Historic Fortified Town of Campeche,-90.53722,19.84639
Archaeological Monuments Zone of Xochicalco,-99.275,18.81028
"Ancient Maya City and Protected Tropical Forests of Calakmul, Campeche",-89.73728333,18.05302778
Franciscan Missions in the Sierra Gorda of Quertaro,-99.46411111,21.20438889
Luis Barragn House and Studio,-99.19833333,19.41833333
Islands and Protected Areas of the Gulf of California,-112.54583,27.62667
Agave Landscape and Ancient Industrial Facilities of Tequila,-103.7786111,20.86305556
Central University City Campus of the iUniversidad Nacional Autnoma de Mxicoi (UNAM),-99.18805556,19.33222222
Protective town of San Miguel and the Sanctuary of Jess Nazareno de Atotonilco,-100.7463889,20.91444444
Monarch Butterfly Biosphere Reserve,-100.2416667,19.60638889
Camino Real de Tierra Adentro,-102.3791667,22.60805556
Prehistoric Caves of Yagul and Mitla in the Central Valley of Oaxaca,-96.42111111,16.95083333
El Pinacate and Gran Desierto de Altar Biosphere Reserve,-113.9166667,32
Aqueduct of Padre Tembleque Hydraulic System,-98.66256667,19.83527778
Orkhon Valley Cultural Landscape,102.8313889,47.55666667
Petroglyphic Complexes of the Mongolian Altai,88.39527778,49.33388889
Great Burkhan Khaldun Mountain and its surrounding sacred landscape,109.0093278,48.76197778
Durmitor National Park,19.0166,43.133
Natural and Culturo-Historical Region of Kotor,18.7,42.48333
Medina of Fez,-4.97778,34.06111
Medina of Marrakesh,-7.98667,31.63139
Ksar of Ait-Ben-Haddou,-7.12889,31.04722
Medina of Essaouira (formerly Mogador),-9.76944,31.51667
Historic City of Meknes,-5.55833,33.88333
Archaeological Site of Volubilis,-5.55694,34.07389
Medina of Ttouan (formerly known as Titawin),-5.36667,35.57083
Portuguese City of Mazagan (El Jadida),-8.50194,33.25667
"Rabat, Modern Capital and Historic City a Shared Heritage",-6.822777778,34.02416667
Island of Mozambique,40.73583,-15.03417
Pyu Ancient Cities,95.81861111,22.47
Twyfelfontein or Ui-aes,14.37258333,-20.59558333
Namib Sand Sea,15.40777778,-24.88527778
Kathmandu Valley ,85.30858,27.70395
Chitwan National Park,84.33333,27.5
"Lumbini, the Birthplace of the Lord Buddha",83.27611,27.46889
"Historic Area of Willemstad, Inner City and Harbour, Curaao",-68.90222,12.10194
Rietveld Schrderhuis (Rietveld Schrder House),5.147222222,52.08527778
Seventeenth-Century Canal Ring Area of Amsterdam inside the Singelgracht,4.887777778,52.365
Van Nellefabriek,4.418333333,51.92333333
New Zealand Sub-Antarctic Islands,166.1044444,-50.75
Ruins of Len Viejo,-86.61028,12.39722
Len Cathedral,-86.87805556,12.435
W National Park of Niger,2.35,12.35
Historic Centre of Agadez,7.991388889,16.97361111
Sukur Cultural Landscape,13.57194,10.74056
Osun-Osogbo Sacred Grove,4.55222,7.75556
Rros Mining Town and the Circumference,11.38555556,62.57388889
Urnes Stave Church,7.33333,61.3
Rock Art of Alta,23.18333,69.95
West Norwegian Fjords Geirangerfjord and Nryfjord,7.16667,62.11667
RjukanNotodden Industrial Heritage Site,8.593611111,59.87861111
Bahla Fort,57.30111,22.96417
"Archaeological Sites of Bat, Al-Khutm and Al-Ayn",56.745,23.26986
Land of Frankincense,53.64759,18.25333
iAflaji Irrigation Systems of Oman,57.53605556,22.99888889
Archaeological Ruins at Moenjodaro,68.13888889,27.32916667
Taxila,72.8875,33.77916667
Buddhist Ruins of Takht-i-Bahi and Neighbouring City Remains at Sahr-i-Bahlol,71.94583333,34.32083333
"Historical Monuments at Makli, Thatta",67.9,24.76666667
Fort and Shalamar Gardens in Lahore,74.30972222,31.59027778
Rohtas Fort,73.58888889,32.9625
Rock Islands Southern Lagoon,134.3525,7.246925
"Birthplace of Jesus Church of the Nativity and the Pilgrimage Route, Bethlehem",35.2075,31.70435278
"Palestine Land of Olives and Vines Cultural Landscape of Southern Jerusalem, Battir",35.13055556,31.71972222
Fortifications on the Caribbean Side of Panama Portobelo-San Lorenzo,-79.65583333,9.553888889
Darien National Park,-77.54722222,7.736111111
Archaeological Site of Panam Viejo and Historic District of Panam,-79.54055556,8.951111111
Coiba National Park and its Special Zone of Marine Protection,-81.766,7.433
Kuk Early Agricultural Site,144.3317222,-5.783711111
Jesuit Missions of La Santsima Trinidad de Paran and Jess de Tavarangue,-55.7,-27.13333
City of Cuzco,-71.98333,-13.52222
Historic Sanctuary of Machu Picchu,-72.58333333,-13.11666667
Chavin (Archaeological Site),-77.1784535,-9.592772544
Man National Park,-71.75,-12.25
Historic Centre of Lima,-77.04306,-12.05139
Ro Abiseo National Park,-77.25,-7.75
Lines and Geoglyphs of Nasca and Pampas de Jumana,-75.14861,-14.72583
Historical Centre of the City of Arequipa,-71.53333333,-16.4
Sacred City of Caral-Supe,-77.52138889,-10.89166667
Historic Town of Vigan,120.3875,17.575
Puerto-Princesa Subterranean River National Park,118.9166667,10.16666667
Baroque Churches of the Philippines,120.97,14.59
Mount Hamiguitan Range Wildlife Sanctuary,126.1734306,6.717169444
Historic Centre of Krakw,19.95972,50.06667
Historic Centre of Warsaw,21.01167,52.26639
Auschwitz Birkenau br smallGerman Nazi Concentration and Extermination Camp (1940-1945)small,19.175,50.03888889
Wieliczka and Bochnia Royal Salt Mines,20.06388889,49.97916667
Old City of Zamo,23.26667,50.71667
Medieval Town of Toru,18.61944,53.01
Castle of the Teutonic Order in Malbork,19.03333333,54.04166667
Kalwaria Zebrzydowska the Mannerist Architectural and Park Landscape Complex and Pilgrimage Park,19.66666667,49.86666667
Wooden Churches of Southern Maopolska,21.23333333,49.75
Churches of Peace in Jawor and widnica,16.19594444,51.05427778
Centennial Hall in Wrocaw,17.07701389,51.10694722
Central Zone of the Town of Angra do Heroismo in the Azores,-27.22,38.655
Monastery of the Hieronymites and Tower of Belm in Lisbon,-9.21583,38.69194
Monastery of Batalha,-8.82694,39.65778
Convent of Christ in Tomar,-8.4175,39.60472
Historic Centre of vora,-7.90778,38.57306
Monastery of Alcobaa,-8.97667,39.55
Cultural Landscape of Sintra,-9.41667,38.78333
Historic Centre of Oporto,-8.616666667,41.14166667
Laurisilva of Madeira,-17,32.76666667
Historic Centre of Guimares,-8.29482,41.44083
Alto Douro Wine Region,-7.798888889,41.10166667
Landscape of the Pico Island Vineyard Culture,-28.54116667,38.51344444
Garrison Border Town of Elvas and its Fortifications,-7.163322222,38.88061944
University of Coimbra Alta and Sofia,-8.425775,40.20781111
Al Zubarah Archaeological Site,51.02972222,25.97805556
Seokguram Grotto and Bulguksa Temple,129.35,35.78333333
"Haeinsa Temple Janggyeong Panjeon, the Depositories for the ITripitaka KoreanaI Woodblocks",128.1,35.8
Jongmyo Shrine,126.98333,37.55
Changdeokgung Palace Complex,126.9833333,37.55
Hwaseong Fortress,127.00833,37.27222
Gyeongju Historic Areas,129.22667,35.78889
"Gochang, Hwasun and Ganghwa Dolmen Sites",126.92917,34.96667
Jeju Volcanic Island and Lava Tubes,126.7202778,33.46888889
Royal Tombs of the Joseon Dynasty,128.4527778,37.19722222
Historic Villages of Korea Hahoe and Yangdong,128.5166667,36.53916667
Namhansanseong,127.1811111,37.47888889
Baekje Historic Areas,127.1272222,36.46194444
Danube Delta,29.5,45.08333
Villages with Fortified Churches in Transylvania,24.77305556,46.13583333
Monastery of Horezu,24.01666667,45.18333333
Churches of Moldavia,25.71277778,47.77833333
Historic Centre of Sighioara,24.79222222,46.21777778
Wooden Churches of Maramure,24.05583333,47.82083333
Dacian Fortresses of the Orastie Mountains,23.31194444,45.62305556
Historic Centre of Saint Petersburg and Related Groups of Monuments,30.31833,59.95
Kizhi Pogost,35.2275,62.07138889
"Kremlin and Red Square, Moscow",37.62972,55.74583
Historic Monuments of Novgorod and Surroundings,31.28333,58.53333
Cultural and Historic Ensemble of the Solovetsky Islands,35.66666667,65.08333333
White Monuments of Vladimir and Suzdal,40.41666667,56.15
"Church of the Ascension, Kolomenskoye",37.67389,55.65556
Architectural Ensemble of the Trinity Sergius Lavra in Sergiev Posad,38.1312,56.31035
Virgin Komi Forests,60.15,65.06667
Lake Baikal,107.6625,53.17361111
Volcanoes of Kamchatka,158.5,56.33333333
Central Sikhote-Alin,136.1666667,45.33333333
Western Caucasus,40,44
Historic and Architectural Complex of the Kazan Kremlin,49.095,55.79111111
Bolgar Historical and Archaeological Complex,49.05638889,54.97888889
Ensemble of the Ferapontov Monastery,38.56666667,59.95
"Citadel, Ancient City and Fortress Buildings of Derbent",48.29719444,42.05297222
Ensemble of the Novodevichy Convent,37.55508333,55.72611111
Historical Centre of the City of Yaroslavl,39.87611,57.65278
Putorana Plateau,94.15805556,69.04694444
Lena Pillars Nature Park,127,60.66666667
Brimstone Hill Fortress National Park,-62.83722,17.34694
San Marino Historic Centre and Mount Titano,12.45194444,43.93277778
Al-Hijr Archaeological Site (Madin Slih),37.955,26.78361111
At-Turaif District in ad-Diriyah,46.57246667,24.73413333
"Historic Jeddah, the Gate to Makkah",39.1875,21.48388889
Rock Art in the Hail Region of Saudi Arabia,40.91305556,28.01055556
Djoudj National Bird Sanctuary,-16.16667,16.5
Island of Gore,-17.40083,14.66722
Niokolo-Koba National Park,-12.71667,13.06667
Island of Saint-Louis,-16.50444,16.02778
Saloum Delta,-16.49861111,13.83527778
"Bassari Country Bassari, Fula and Bedik Cultural Landscapes",-12.84583333,12.59333333
Stari Ras and Sopoani,20.42278,43.11889
Studenica Monastery,20.53667,43.48611
Medieval Monuments in Kosovo,20.26555556,42.66111111
"Gamzigrad-Romuliana, Palace of Galerius",22.18611111,43.89930556
Valle de Mai Nature Reserve,55.7375,-4.32917
Singapore Botanical Gardens,103.8161111,1.315277778
Historic Town of Bansk tiavnica and the Technical Monuments in its Vicinity,18.9,48.46111
"Levoa, Spisk Hrad and the Associated Cultural Monuments",20.7675,48.99944444
Vlkolnec,19.27833333,49.03916667
Bardejov Town Conservation Reserve,21.27917,49.29333
Wooden Churches of the Slovak part of the Carpathian Mountain Area,19.55833333,49.33611111
kocjan Caves,14,45.66667
East Rennell,160.33333,-11.68333
Fossil Hominid Sites of South Africa,29.17694,-24.15861
Robben Island,18.36666667,-33.8
Mapungubwe Cultural Landscape,29.23889,-22.1925
Vredefort Dome,27.26,-26.86
Richtersveld Cultural and Botanical Landscape,17.20388889,-28.6
Cave of Altamira and Paleolithic Cave Art of Northern Spain,-4.116166667,43.38252778
Old Town of Segovia and its Aqueduct,-4.11675,40.94847222
Monuments of Oviedo and the Kingdom of the Asturias,-5.84303,43.36262
Historic Centre of Cordoba,-4.779722222,37.87919444
"Alhambra, Generalife and Albayzn, Granada",-3.59444,37.17667
Burgos Cathedral,-3.704813889,42.34052778
"Monastery and Site of the Escurial, Madrid",-4.126416667,40.58175
Works of Antoni Gaud ,2.152972,41.41338
Santiago de Compostela (Old Town),-8.54468,42.88076
Old Town of vila with its Extra-Muros Churches,-4.70012,40.65645
Mudejar Architecture of Aragon,-1.10722,40.34389
Historic City of Toledo,-4.029416667,39.86688889
Garajonay National Park,-17.23722222,28.12625
Old City of Salamanca,-5.6645,40.96525
"Cathedral, Alczar and Archivo de Indias in Seville",-5.99155,37.38384
Old Town of Cceres,-6.37,39.47444
"Ibiza, Biodiversity and Culture",1.435194444,38.91113889
Poblet Monastery,1.0825,41.38083
Renaissance Monumental Ensembles of beda and Baeza,-3.37122,38.01131
Archaeological Ensemble of Mrida,-6.33778,38.91611
Royal Monastery of Santa Mara de Guadalupe,-5.3275,39.45285
Routes of Santiago de Compostela iCamino Francsi and Routes of Northern Spain ,-6.414722222,43.335
Historic Walled Town of Cuenca,-2.13174,40.07662
La Lonja de la Seda de Valencia,-0.378444444,39.47441667
Las Mdulas,-6.77075,42.46939
"Palau de la Msica Catalana and Hospital de Sant Pau, Barcelona",2.175,41.38778
San Milln Yuso and Suso Monasteries,-2.86496,42.32586
Rock Art of the Mediterranean Basin on the Iberian Peninsula,-1.03331,39.78995
Archaeological Ensemble of Trraco,1.259305556,41.11472222
University and Historic Precinct of Alcal de Henares,-3.368055556,40.48138889
San Cristbal de La Laguna,-16.31177778,28.47788889
Palmeral of Elche,-0.716666667,38.26666667
Roman Walls of Lugo,-7.55333,43.01111
Catalan Romanesque Churches of the Vall de Bo,0.803611111,42.50472222
Archaeological Site of Atapuerca,-3.547222222,42.37138889
Aranjuez Cultural Landscape,-3.60934,40.03645
Vizcaya Bridge,-3.016833333,43.323175
Teide National Park,-16.64361111,28.27138889
Tower of Hercules,-8.406388889,43.38583333
Cultural Landscape of the Serra de Tramuntana,2.694722222,39.73083333
Sacred City of Anuradhapura,80.38333333,8.333333333
Ancient City of Polonnaruwa,81.00055556,7.915833333
Central Highlands of Sri Lanka,80.8021,7.45245
Gebel Barkal and the Sites of the Napatan Region,31.81666667,18.53333333
Archaeological Sites of the Island of Meroe,33.71666667,16.93333333
Historic Inner City of Paramaribo,-55.15,5.82611
Central Suriname Nature Reserve,-56.5,4
Birka and Hovgrden,17.54264,59.33514
Engelsberg Ironworks,16.00833,59.96667
Rock Carvings in Tanum,11.34111,58.70111
Skogskyrkogrden,18.09944,59.27556
Royal Domain of Drottningholm,17.88333,59.32306
Hanseatic Town of Visby,18.29583,57.64167
"Church Town of Gammelstad, Lule ",22.02861,65.64611
Laponian Area,17.58333,67.33333
Naval Port of Karlskrona,15.58333,56.16667
Agricultural Landscape of Southern land,16.48333,56.325
Mining Area of the Great Copper Mountain in Falun,15.63083,60.60472
"Grimeton Radio Station, Varberg",12.38333333,57.1
Decorated Farmhouses of Hlsingland,16.19583333,61.70722222
Old City of Berne,7.45028,46.94806
Abbey of St Gall,9.37778,47.42333
Benedictine Convent of St John at Mstair,10.44765,46.62945
"Three Castles, Defensive Wall and Ramparts of the Market-Town of Bellinzona",9.02242,46.19314
Swiss Alps Jungfrau-Aletsch,8.033333333,46.5
Swiss Tectonic Arena Sardona,9.25,46.91666667
"Lavaux, Vineyard Terraces",6.746111111,46.49194444
"La Chaux-de-Fonds Le Locle, Watchmaking Town Planning",6.832777778,47.10388889
Ancient City of Damascus,36.30639,33.51139
Ancient City of Aleppo,37.16667,36.23333
Ancient City of Bosra,36.48167,32.51806
Site of Palmyra,38.26667,34.55417
Crac des Chevaliers and Qalat Salah El-Din,36.26305556,34.78166667
Ancient Villages of Northern Syria,36.84416667,36.33416667
Proto-urban Site of Sarazm,67.46027778,39.50777778
Tajik National Park (Mountains of the Pamirs),72.30527778,38.765
Historic Town of Sukhothai and Associated Historic Towns,99.78972,17.00722
Ban Chiang Archaeological Site,103.35833,17.54861
Historic City of Ayutthaya,100.56056,14.34778
Dong Phayayen-Khao Yai Forest Complex,102.05,14.33
Thungyai-Huai Kha Khaeng Wildlife Sanctuaries,98.91667,15.33333
Natural and Cultural Heritage of the Ohrid region,20.81333,41.11806
"Koutammakou, the Land of the Batammariba",1.133333333,10.06666667
Medina of Tunis,10.16667,36.81667
Archaeological Site of Carthage,10.32333,36.85278
Amphitheatre of El Jem,10.70694,35.29639
Punic Town of Kerkuane and its Necropolis,11.09917,36.94639
Medina of Sousse,10.63861,35.82778
Kairouan,10.10389,35.68167
Dougga Thugga,9.22028,36.42361
Historic Areas of Istanbul,28.97993,41.00847
Greme National Park and the Rock Sites of Cappadocia,34.85,38.66667
Great Mosque and Hospital of Divrii,38.121826,39.371271
Hattusha the Hittite Capital,34.62056,40.01389
Nemrut Da,38.76369,38.03661
Xanthos-Letoon,29.32028,36.335
Hierapolis-Pamukkale,29.12333,37.92389
City of Safranbolu,32.68972,41.26
Archaeological Site of Troy,26.239,39.95644
Ephesus,27.35944444,37.92916667
Selimiye Mosque and its Social Complex,26.55944444,41.67777778
Neolithic Site of atalhyk,32.82805556,37.66666667
Bursa and Cumalkzk the Birth of the Ottoman Empire,29.06233611,40.18473056
Pergamon and its Multi-Layered Cultural Landscape,27.18,39.12583333
Diyarbakr Fortress and Hevsel Gardens Cultural Landscape,40.23930833,37.9031
State Historical and Cultural Park Ancient Merv,62.1775,37.70083
Kunya-Urgench,59.08494,42.18318
Parthian Fortresses of Nisa,58.19861111,37.99972222
Bwindi Impenetrable National Park,29.66138889,-1.080555556
Rwenzori Mountains National Park,29.92416667,0.223611111
Tombs of Buganda Kings at Kasubi,32.55138889,0.348611111
"Kiev Saint-Sophia Cathedral and Related Monastic Buildings, Kiev-Pechersk Lavra",30.51686,50.45258
Lviv the Ensemble of the Historic Centre,24.03198,49.84163
Residence of Bukovinian and Dalmatian Metropolitans,25.92472222,48.29666667
Ancient City of Tauric Chersonese and its Chora,33.49138889,44.61083333
"Cultural Sites of Al Ain (Hafit, Hili, Bidaa Bint Saud and Oases Areas)",55.80638889,24.06777778
Giants Causeway and Causeway Coast,-6.485277778,55.25
Durham Castle and Cathedral,-1.576111111,54.77472222
Ironbridge Gorge,-2.472777778,52.62638889
Studley Royal Park including the Ruins of Fountains Abbey,-1.573055556,54.11611111
"Stonehenge, Avebury and Associated Sites",-1.825277778,51.17888889
Castles and Town Walls of King Edward in Gwynedd,-4.276944444,53.13972222
St Kilda,-8.576666667,57.81722222
Blenheim Palace,-1.361388889,51.84194444
Palace of Westminster and Westminster Abbey including Saint Margarets Church,-0.128611111,51.49972222
New Lanark,-3.783055556,55.66333333
Henderson Island,-128.3333333,-24.36666667
Tower of London,-0.076111111,51.50805556
"Canterbury Cathedral, St Augustines Abbey, and St Martins Church",1.083333333,51.28
Heart of Neolithic Orkney,-3.188666667,58.99605556
Old and New Towns of Edinburgh,-3.216666667,55.95
Gough and Inaccessible Islands,-9.928611111,-40.32472222
Maritime Greenwich,0,51.47777778
"Historic Town of St George and Related Fortifications, Bermuda",-64.67777778,32.37944444
Blaenavon Industrial Landscape,-3.088055556,51.77638889
Saltaire,-1.788333333,53.83916667
Derwent Valley Mills,-1.488055556,53.02888889
"Royal Botanic Gardens, Kew",-0.294027778,51.48194444
Liverpool Maritime Mercantile City,-2.994444444,53.40666667
Cornwall and West Devon Mining Landscape,-5.383611111,50.13611111
Pontcysyllte Aqueduct and Canal,-3.087777778,52.97027778
The Forth Bridge,-3.388888889,56.00111111
Ngorongoro Conservation Area,35.54083,-3.18722
Ruins of Kilwa Kisiwani and Ruins of Songo Mnara,39.52278,-8.95778
Serengeti National Park,34.56667,-2.33333
Stone Town of Zanzibar,39.18917,-6.16306
Selous Game Reserve,37.4,-9
Kilimanjaro National Park,37.36667,-3.06667
Kondoa Rock-Art Sites,35.83388889,-4.724444444
Mesa Verde National Park,-108.4855556,37.26166667
Yellowstone National Park,-110.82778,44.46056
Grand Canyon National Park,-112.0905556,36.10083333
Everglades National Park,-80.99638889,25.55444444
Independence Hall,-75.15,39.94861111
Redwood National and State Parks,-123.9980556,41.37388889
Mammoth Cave National Park,-86.10305556,37.18722222
Olympic National Park,-123.4488889,47.74833333
Cahokia Mounds State Historic Site,-90.06138889,38.65861111
Great Smoky Mountains National Park,-83.43555556,35.59305556
La Fortaleza and San Juan National Historic Site in Puerto Rico,-66.125,18.46666667
Statue of Liberty,-74.04472222,40.68944444
Yosemite National Park,-119.5966667,37.74611111
Chaco Culture,-107.9708333,36.06377778
Hawaii Volcanoes National Park,-155.1236111,19.40083333
Monticello and the University of Virginia in Charlottesville,-78.50388889,38.03277778
Taos Pueblo,-105.54167,36.43889
Carlsbad Caverns National Park,-104.3833333,32.16666667
Papahnaumokukea,-170.14582,25.34907
Monumental Earthworks of Poverty Point,-91.40638889,32.63694444
San Antonio Missions,-98.46,29.32805556
Historic Quarter of the City of Colonia del Sacramento,-57.85333333,-34.46777778
Fray Bentos Cultural-Industrial Landscape,-58.33166667,-33.11777778
Itchan Kala,60.36389,41.37833
Historic Centre of Bukhara,64.42861,39.77472
Samarkand Crossroad of Cultures,67,39.66861
Historic Centre of Shakhrisyabz,66.83333,39.05
Chief Roi Matas Domain,168.1777194,-17.62806944
Coro and its Port,-69.68333333,11.4
Canaima National Park,-61.5,5.33333
Ciudad Universitaria de Caracas,-66.89068,10.49073
Ha Long Bay,107.1,20.9
Complex of Hu Monuments,107.57778,16.46944
Hoi An Ancient Town,108.3333333,15.88333333
My Son Sanctuary,108.5666667,15.51666667
Phong Nha Ke Bang National Park,106.15125,17.53722222
Central Sector of the Imperial Citadel of Thang Long - Hanoi,105.8372222,21.03944444
Citadel of the Ho Dynasty,105.6047222,20.07805556
Trang An Landscape Complex,105.8963889,20.25666667
Old Walled City of Shibam,48.62667,15.92694
Old City of Sanaa,44.20805556,15.35555556
Historic Town of Zabid,43.33,14.19806
Socotra Archipelago,53.83333333,12.5
"Mana Pools National Park, Sapi and Chewore Safari Areas",29.40805556,-15.81944444
Matobo Hills,28.5,-20.5
Great Zimbabwe National Monument,30.93333333,-20.28333333
Khami Ruins National Monument,28.37666667,-20.15833333
Tipasa,2.383333333,36.55
Tassili nAjjer,9,25.5
Pennsula Valds,-64,-42.5
"Qhapaq an, Andean Road System",-69.59166667,-18.25
"Jesuit Missions of the Guaranis San Ignacio Mini, Santa Ana, Nuestra Seora de Loreto and Santa Maria Mayor (Argentina), Ruins of Sao Miguel das Missoes (Brazil)",-54.26583333,-28.54333333
Tasmanian Wilderness,145.4166667,-41.58333333
Wet Tropics of Queensland,144.9666667,-15.65
Heard and McDonald Islands,73.5,-53.1
Macquarie Island,158.8955556,-54.59472222
Great Barrier Reef,147.7,-18.28611111
Prehistoric Pile dwellings around the Alps,8.2075,47.27833333
Fert Neusiedlersee Cultural Landscape,16.72272222,47.71927778
The Sundarbans,89.18333,21.95
Biaowiea Forest ,23.98111111,52.7275
Struve Geodetic Arc,26.33777778,59.05777778
Belfries of Belgium and France,3.23139,50.17444
Sangha Trinational,16.55416667,2.609444444
Canadian Rocky Mountain Parks,-116.4797222,51.42472222
Kluane Wrangell-St. Elias Glacier Bay Tatshenshini-Alsek,-140.9919722,61.19758333
Waterton Glacier International Peace Park,-113.9041667,48.99605556
Silk Roads the Routes Network of Changan-Tianshan Corridor,108.8572222,34.30444444
Area de Conservacin Guanacaste,-85.61666667,10.85
Talamanca Range-La Amistad Reserves La Amistad National Park,-82.93880556,9.407083333
Ta National Park,-7.66667,5.75
Como National Park,-4,9
Mount Nimba Strict Nature Reserve,-8.39097,7.60318
Old Havana and its Fortification System,-82.35,23.13333333
Trinidad and the Valley de los Ingenios,-79.98444444,21.80305556
Alejandro de Humboldt National Park,-75,20.45
Archaeological Landscape of the First Coffee Plantations in the South-East of Cuba,-75.39138889,20.03
Painted Churches in the Troodos Region,33.09583333,34.92027778
Wadden Sea,8.556111111,53.52861111
Colonial City of Santo Domingo,-69.91666667,18.48333333
Galpagos Islands,-91,-0.81667
Sangay National Park,-78.33333,-1.83333
Wadi Al-Hitan (Whale Valley),30.18333,29.33333
Fortress of Suomenlinna,24.98722,60.14722
Petjvesi Old Church,25.18333,62.25
Verla Groundwood and Board Mill,26.64083,61.06194
High Coast Kvarken Archipelago,21.3,63.3
Pyrnes - Mont Perdu,-0.0005,42.68542
Stone Circles of Senegambia,-15.5225,13.69111111
Muskauer Park Park Muakowski,14.72644444,51.57930556
Primeval Beech Forests of the Carpathians and the Ancient Beech Forests of Germany,22.53611111,49.08611111
Frontiers of the Roman Empire,-2.601,54.99261111
"Forts and Castles, Volta, Greater Accra, Central and Western Regions",-0.49361,5.39103
"Historic Centre of Rome, the Properties of the Holy See in that City Enjoying Extraterritorial Rights and San Paolo Fuori le Mura",12.49230556,41.89022222
Caves of Aggtelek Karst and Slovak Karst,20.48687,48.47573
Sundarbans National Park,88.89583333,21.945
Tropical Rainforest Heritage of Sumatra,101.5,-2.5
Lorentz National Park,137.83333,-4.75
Komodo National Park,119.48944,-8.54333
Sceilg Mhichl,-10.53861,51.77194
Monte San Giorgio,8.913888889,45.88888889
Rhaetian Railway in the Albula Bernina Landscapes,9.846388889,46.49833333
Ouadi Qadisha (the Holy Valley) and the Forest of the Cedars of God (Horsh Arz el-Rab),36.04889,34.24333
Maloti-Drakensberg Park,29.12305556,-29.76527778
Curonian Spit,20.96239,55.27458
Tsingy de Bemaraha Strict Nature Reserve,44.75,-18.66667
Royal Hill of Ambohimanga,47.56278,-18.75917
Megalithic Temples of Malta,14.26947,36.04908
"Ancient IKsourI of Ouadane, Chinguetti, Tichitt and Oualata",-11.62361,20.92889
Aapravasi Ghat,57.50316667,-20.15863889
Uvs Nuur Basin,92.71972222,50.275
Sagarmatha National Park,86.91306,27.96528
Schokland and Surroundings,5.771666667,52.63861111
Defence Line of Amsterdam,4.893055556,52.37444444
Mill Network at Kinderdijk-Elshout,4.649444444,51.8825
Ir.D.F. Woudagemaal (D.F. Wouda Steam Pumping Station),5.67889,52.84583
Droogmakerij de Beemster (Beemster Polder),4.911111111,52.54888889
Tongariro National Park,175.5622222,-39.29083333
Te Wahipounamu South West New Zealand,167.3196111,-45.03602778
Air and Tnr Natural Reserves,9,18
Bryggen,5.32306,60.39722
Vegayan -- The Vega Archipelago,11.75,65.61667
Chan Chan Archaeological Zone,-79.08333,-8.1
Huascarn National Park,-77.4,-9.33333
Tubbataha Reefs Natural Park,119.8675,8.953333333
Rice Terraces of the Philippine Cordilleras,121.13667,16.93389
Wooden emTserkvasem of the Carpathian Region in Poland and Ukraine,21.03222222,49.53388889
Prehistoric Rock Art Sites in the Ca Valley and Siega Verde,-6.661111111,40.6975
Golden Mountains of Altai,86,50.46666667
Natural System of Wrangel Island Reserve,-179.7152778,71.18888889
Pitons Management Area,-61.07036111,13.80708333
Aldabra Atoll,46.41666667,-9.416666667
Heritage of Mercury. Almadn and Idrija,-4.838888889,38.77527778
iSimangaliso Wetland Park,32.55,-27.83889
Cape Floral Region Protected Areas,18.475,-34.36111111
Doana National Park,-6.358861,36.9477
Ancient City of Sigiriya,80.75,7.95
Sinharaja Forest Reserve,80.5,6.416666667
Sacred City of Kandy,80.64027778,7.293611111
Old Town of Galle and its Fortifications,80.21861111,6.021388889
Golden Temple of Dambulla,80.64916667,7.856666667
Ichkeul National Park,9.67472,37.16361
City of Bath,-2.358611111,51.38138889
Dorset and East Devon Coast,-2.989888889,50.70555556
Mosi-oa-Tunya Victoria Falls,25.85539,-17.92453